"pid_name","pid_old","pid_new","type_new"
"PID_TREE_DL1",2066,2066,1
"PID_TREE_DL2",2316,2316,1
"PID_TREE_DL3",2317,2317,1
"PID_TREE_DL4",2318,2318,1
"PID_TREE_DS1",2319,2319,1
"PID_TREE_DS2",2320,2320,1
"PID_TREE_DS3",2321,2321,1
"PID_TREE_BS1",2945,2945,1
"PID_TREE_BS2",2946,2946,1
"PID_TREE_BS3",2947,2947,1
"PID_TREE_GS1",3842,3842,1
"PID_TREE_GS2",3843,3843,1
"PID_TREE_DL5",4562,4562,1
"PID_TREE_DL6",4563,4563,1
"PID_TREE_DS4",4564,4564,1
"PID_TREE_DS5",4565,4565,1
"PID_TREE_DS6",4566,4566,1
"PID_TREE_DM1",4567,4567,1
"PID_TREE_DS7",4568,4568,1
"PID_TREE_DM2",4569,4569,1
"PID_TREE_DL7",4570,4570,1
"PID_TREE_DS8",4571,4571,1
"PID_TREE_DS9",4572,4572,1
"PID_JUNK_PILE_8",8096,8096,2
"PID_TREE_GM1",16233,16233,1
"PID_TREE_GM2",16234,16234,1
"PID_TREE_GM3",16235,16235,1
"PID_TREE_GM4",16236,16236,1
"PID_TREE_GM5",16237,16237,1
"PID_TREE_DS10",16238,16238,1
"PID_TREE_GS3",16239,16239,1
"PID_TREE_BL1",16240,16240,1
"PID_TREE_BL2",16241,16241,1
"PID_TREE_GS4",16242,16242,1
"PID_TREE_GS5",16243,16243,1
"PID_TREE_GL1",16244,16244,1
"PID_TREE_GL2",16245,16245,1
"PID_TREE_GL3",16246,16246,1
"PID_TREE_GS6",16247,16247,1
"PID_TREE_GXL1",16248,16248,1
"PID_TREE_GXL2",16249,16249,1
"PID_TREE_GXL3",16250,16250,1
"PID_TREE_GXL4",16251,16251,1
"PID_TREE_GM6",16252,16252,1
"PID_TREE_GM7",16253,16253,1
"PID_TREE_GM8",16254,16254,1
"PID_TREE_GM9",16255,16255,1
"PID_TREE_GM10",16256,16256,1
"PID_TREE_GL4",16257,16257,1
"PID_TREE_GL5",16258,16258,1
"PID_TREE_GS7",16259,16259,1
"PID_TREE_GS8",16260,16260,1
"PID_TREE_GM11",16261,16261,1
"PID_TREE_GXL5",16262,16262,1
"PID_TREE_GXL6",16263,16263,1
"PID_TREE_GM12",16264,16264,1
"PID_TREE_GL6",16265,16265,1
"PID_TREE_GM13",16266,16266,1
"PID_TREE_GM14",16267,16267,1
"PID_TREE_GM15",16268,16268,1
"PID_TREE_GXL7",16269,16269,1
"PID_TREE_GS9",16270,16270,1
"PID_TREE_GS10",16271,16271,1
"PID_TREE_GS11",16272,16272,1
"PID_TREE_GS12",16273,16273,1
"PID_TREE_GS13",16274,16274,1
"PID_TREE_GS14",16275,16275,1
"PID_TREE_GXS1",16276,16276,1
"PID_TREE_GXS2",16277,16277,1
"PID_TREE_GXS3",16278,16278,1
"PID_TREE_GXXL1",16279,16279,1
"PID_TREE_GXXL2",16280,16280,1
"PID_TREE_GS15",16281,16281,1
"PID_TREE_GS16",16282,16282,1
"PID_TREE_GS17",16283,16283,1
"PID_TREE_GS18",16284,16284,1
"PID_TREE_GS19",16285,16285,1
"PID_TREE_CL1",16286,16286,1
"PID_UKNOWN_01",16287,16287,2
"PID_UKNOWN_02",16288,16288,2
"PID_UKNOWN_03",16289,16289,2
"PID_UKNOWN_04",16290,16290,2
"PID_UKNOWN_05",16291,16291,2
"PID_UKNOWN_06",16292,16292,2
"PID_UKNOWN_07",16293,16293,2
"PID_UKNOWN_08",16294,16294,2
"PID_UKNOWN_09",16295,16295,2
"PID_UKNOWN_10",16296,16296,2
"PID_UKNOWN_11",16297,16297,2
"PID_UKNOWN_12",16298,16298,2
"PID_UKNOWN_13",16352,16352,2
"PID_UKNOWN_14",16353,16353,2
"PID_UKNOWN_15",16354,16354,2
"PID_UKNOWN_16",16355,16355,2
"PID_UKNOWN_17",16356,16356,2
"PID_UKNOWN_18",16357,16357,2
"PID_UKNOWN_19",16358,16358,2
"PID_UKNOWN_20",16359,16359,2
"PID_UKNOWN_21",16360,16360,2
"PID_UKNOWN_22",16361,16361,2
"PID_UKNOWN_23",16362,16362,2
"PID_JUNK_PILE_1",16583,16583,2
"PID_JUNK_PILE_2",16584,16584,2
"PID_JUNK_PILE_3",16585,16585,2
"PID_JUNK_PILE_4",16586,16586,2
"PID_JUNK_PILE_5",16587,16587,2
"PID_JUNK_PILE_6",16590,16590,2
"PID_JUNK_PILE_7",16591,16591,2
"PID_TREE_DXL1",16788,16788,1
"PID_TREE_DXL2",16789,16789,1
"PID_TREE_DXL3",16790,16790,1
"PID_TREE_GL7",16791,16791,1
"PID_TREE_GXL8",16792,16792,1
"PID_TREE_GL8",16793,16793,1
"PID_TREE_DL8",16794,16794,1
"PID_TREE_DL9",16795,16795,1
"PID_TREE_DS11",16835,16835,1
"PID_TREE_CL2",16836,16836,1
"PID_TREE_CL3",16837,16837,1
"PID_TREE_CL4",16838,16838,1
"PID_TREE_CS1",16839,16839,1
"PID_TREE_CS2",16840,16840,1
"PID_TREE_CS3",16841,16841,1
"PID_TREE_CL5",16999,16999,1
